FGs,F-score,Precision,Recall,Frequency
B,0.0,0.0,0.0,2
B#N,0.0,0.0,0.0,2
BrC(Br)=C(Br)Br,0.0,0.0,0.0,1
BrC=C(Br)Br,0.0,0.0,0.0,1
BrC=CBr,0.0,0.0,0.0,1
C#CC,0.0,0.0,0.0,1
C#CC#N,0.0,0.0,0.0,1
C#CC(=O)OC,0.0,0.0,0.0,10
C#C[Si,0.0,0.0,0.0,1
C#Cc,0.0,0.0,0.0,1
C1=CC2(cc1)OCCO2,0.0,0.0,0.0,5
C1=CC=CC=CC=C1,0.0,0.0,0.0,1
C1=CC=CCC=C1,0.0,0.0,0.0,1
C1=CCC=C1,0.0,0.0,0.0,3
C1=COCC1,0.0,0.0,0.0,1
C1=COCCO1,0.0,0.0,0.0,3
C1=NCCO1,0.0,0.0,0.0,2
C1=NNCC1,0.0,0.0,0.0,1
C1CN1,0.0,0.0,0.0,1
C1CO1,0.0,0.0,0.0,2
C1COCO1,0.0,0.0,0.0,2
C1CS1,0.0,0.0,0.0,1
C1CSCN1,0.0,0.0,0.0,1
C1N2CN3CN1CN(C2)C3,0.0,0.0,0.0,1
C=C(Br)Br,0.0,0.0,0.0,1
C=C(Br)C(=O)O,0.0,0.0,0.0,1
C=C(Br)C(=O)OC,0.0,0.0,0.0,1
C=C(C#N)C(=O)OC,0.0,0.0,0.0,1
C=C(C)Br,0.0,0.0,0.0,1
C=C(C)C,0.0,0.0,0.0,5
C=C(C)C#N,0.0,0.0,0.0,1
C=C(C)C(=O)NC,0.0,0.0,0.0,1
C=C(C)C(=O)O,0.0,0.0,0.0,1
C=C(C)C(=O)OC,0.0,0.0,0.0,8
C=C(C)C(=O)OC(=O)C(=C)C,0.0,0.0,0.0,1
C=C(C)C(C)=O,0.0,0.0,0.0,1
C=C(C)C(N)=O,0.0,0.0,0.0,2
C=C(C)C(OC)OC,0.0,0.0,0.0,1
C=C(C)C=C(C)C,0.0,0.0,0.0,1
C=C(C)C=CC=C(C)C,0.0,0.0,0.0,1
C=C(C)O,0.0,0.0,0.0,3
C=C(C)OC,0.0,0.0,0.0,1
C=C(C)OC(C)=O,0.0,0.0,0.0,1
C=C(C)n(c)c,0.0,0.0,0.0,1
C=C(C=COC)O[Si,0.0,0.0,0.0,1
C=C(Cl)Br,0.0,0.0,0.0,1
C=C(Cl)C#N,0.0,0.0,0.0,1
C=C(Cl)C(=O)O,0.0,0.0,0.0,1
C=C(Cl)Cl,0.0,0.0,0.0,2
C=C(F)F,0.0,0.0,0.0,1
C=C(S(C)(=O)=O)S(C)(=O)=O,0.0,0.0,0.0,1
C=C1CC(=O)O1,0.0,0.0,0.0,3
C=C=C,0.0,0.0,0.0,14
C=C=C(C)C,0.0,0.0,0.0,1
C=CBr,0.0,0.0,0.0,2
C=CC,0.0,0.0,0.0,2
C=CC#CC=C,0.0,0.0,0.0,1
C=CC#N,0.0,0.0,0.0,2
C=CC(=C)C,0.0,0.0,0.0,1
C=CC(=C)Cl,0.0,0.0,0.0,1
C=CC(=NC)OC,0.0,0.0,0.0,1
C=CC(=O)Cl,0.0,0.0,0.0,1
C=CC(=O)N(C)C,0.0,0.0,0.0,1
C=CC(=O)NC,0.0,0.0,0.0,1
C=CC(=O)NCNC(=O)C=C,0.0,0.0,0.0,2
C=CC(=O)O,0.0,0.0,0.0,1
C=CC(=O)OC,0.0,0.0,0.0,1
C=CC(C)=CC,0.0,0.0,0.0,1
C=CC(C)=O,0.0,0.0,0.0,1
C=CC=C,0.0,0.0,0.0,2
C=CC=C(C)C,0.0,0.0,0.0,2
C=CC=CC#N,0.0,0.0,0.0,1
C=CC=CCl,0.0,0.0,0.0,2
C=CC=O,0.0,0.0,0.0,2
C=CCl,0.0,0.0,0.0,2
C=CF,0.0,0.0,0.0,2
C=CI,0.0,0.0,0.0,1
C=CNC(=O)OC,0.0,0.0,0.0,3
C=COC,0.0,0.0,0.0,1
C=COC(C)=O,0.0,0.0,0.0,1
C=COC=C,0.0,0.0,0.0,1
C=CS(=O)(=O)C=C,0.0,0.0,0.0,1
C=CSC,0.0,0.0,0.0,2
C=Cn(c)c,0.0,0.0,0.0,2
C=NC,0.0,0.0,0.0,2
C=NN1CCOC1=O,0.0,0.0,0.0,6
C=O,0.0,0.0,0.0,1
CB(C)C,0.0,0.0,0.0,1
CB(O)O,0.0,0.0,0.0,1
CB1OCCN1C,0.0,0.0,0.0,3
CBr,0.0,0.0,0.0,2
CC#CC,0.0,0.0,0.0,1
CC#CC#CC,0.0,0.0,0.0,1
CC#CC(=O)O,0.0,0.0,0.0,1
CC#CC(=O)OC,0.0,0.0,0.0,3
CC#C[Si,0.0,0.0,0.0,1
CC#N,0.0,0.0,0.0,9
CC(=CC=C(C)C(=O)O)C(=O)O,0.0,0.0,0.0,1
CC(=N)N,0.0,0.0,0.0,2
CC(=NO)C(C)=NNC(N)=S,0.0,0.0,0.0,1
CC(=NO)C(C)=NO,0.0,0.0,0.0,2
CC(=O)C#N,0.0,0.0,0.0,2
CC(=O)C(=O)Cl,0.0,0.0,0.0,3
CC(=O)C(=O)O,0.0,0.0,0.0,1
CC(=O)C(C(C)=O)=C(C)O,0.0,0.0,0.0,14
CC(=O)C(C(N)=O)=C(C)O,0.0,0.0,0.0,2
CC(=O)C(C)=C(C)C,0.0,0.0,0.0,1
CC(=O)C(C)=C(C)O,0.0,0.0,0.0,1
CC(=O)C(C)=CC(=O)O,0.0,0.0,0.0,1
CC(=O)C(C)=CC(C)=C(C)C,0.0,0.0,0.0,1
CC(=O)C(C)=NO,0.0,0.0,0.0,10
CC(=O)C(C)=O,0.0,0.0,0.0,1
CC(=O)C(Cl)=C(C)Cl,0.0,0.0,0.0,1
CC(=O)C(F)=C(C)C,0.0,0.0,0.0,3
CC(=O)C(O)=C(C)C,0.0,0.0,0.0,2
CC(=O)C1(C)OC1C,0.0,0.0,0.0,1
CC(=O)C=C(C)C,0.0,0.0,0.0,1
CC(=O)C=C(C)N,0.0,0.0,0.0,1
CC(=O)C=C(C)O,0.0,0.0,0.0,2
CC(=O)C=CC(=O)O,0.0,0.0,0.0,2
CC(=O)C=CC(C)=C(C)C,0.0,0.0,0.0,1
CC(=O)Cl,0.0,0.0,0.0,1
CC(=O)N(C(C)=O)N1C(=O)CSC1=S,0.0,0.0,0.0,2
CC(=O)N(C)C,0.0,0.0,0.0,1
CC(=O)N(C)C(C)=O,0.0,0.0,0.0,1
CC(=O)N(C)CO,0.0,0.0,0.0,2
CC(=O)N(C)N=O,0.0,0.0,0.0,1
CC(=O)N1CC(=O)N(C)C1=S,0.0,0.0,0.0,2
CC(=O)N1CC(=O)NC1=S,0.0,0.0,0.0,2
CC(=O)N=C=O,0.0,0.0,0.0,1
CC(=O)NC(C)O,0.0,0.0,0.0,1
CC(=O)NC(N)=O,0.0,0.0,0.0,1
CC(=O)NC1C=CC(=O)O1,0.0,0.0,0.0,22
CC(=O)NCO,0.0,0.0,0.0,3
CC(=O)NN,0.0,0.0,0.0,1
CC(=O)NNC(C)=O,0.0,0.0,0.0,1
CC(=O)NO,0.0,0.0,0.0,1
CC(=O)N[Si,0.0,0.0,0.0,2
CC(=O)O,0.0,0.0,0.0,2
CC(=O)OC(C)=O,0.0,0.0,0.0,1
CC(=O)OC(C)OC(C)=O,0.0,0.0,0.0,1
CC(=O)OC1=C(C)CCC1=O,0.0,0.0,0.0,1
CC(=O)OC=C(C)C,0.0,0.0,0.0,1
CC(=O)ON1C(=O)CCC1=O,0.0,0.0,0.0,2
CC(=O)ON=C(C)C,0.0,0.0,0.0,1
CC(=O)O[Al,0.0,0.0,0.0,2
CC(=O)O[Si,0.0,0.0,0.0,1
CC(=O)O[Sn,0.0,0.0,0.0,16
CC(=O)S,0.0,0.0,0.0,1
CC(=O)[O-,0.0,0.0,0.0,1
CC(=S)N(C)C,0.0,0.0,0.0,1
CC(Br)=C(Br)Br,0.0,0.0,0.0,2
CC(C#N)=CCl,0.0,0.0,0.0,1
CC(C)=C(C#N)C#N,0.0,0.0,0.0,2
CC(C)=C(C)C,0.0,0.0,0.0,2
CC(C)=C(C)C(=O)O,0.0,0.0,0.0,1
CC(C)=C1C=CC=C1,0.0,0.0,0.0,1
CC(C)=C1SC(=O)NC1=O,0.0,0.0,0.0,1
CC(C)=C1SC(=S)NC1=O,0.0,0.0,0.0,2
CC(C)=C=C(C)C,0.0,0.0,0.0,5
CC(C)=CC(=O)C=C(C)C,0.0,0.0,0.0,2
CC(C)=CC(=O)O,0.0,0.0,0.0,1
CC(C)=CC(C)=C(C)C,0.0,0.0,0.0,8
CC(C)=CC=C(C)C,0.0,0.0,0.0,2
CC(C)=CC=O,0.0,0.0,0.0,1
CC(C)=CCl,0.0,0.0,0.0,1
CC(C)=CN(C)C,0.0,0.0,0.0,1
CC(C)=NNC(N)=O,0.0,0.0,0.0,1
CC(C)=NNC(N)=S,0.0,0.0,0.0,2
CC(C)=NO,0.0,0.0,0.0,1
CC(C)=O,0.0,0.0,0.0,1
CC(Cl)=C(C)Cl,0.0,0.0,0.0,1
CC(Cl)=C(Cl)Cl,0.0,0.0,0.0,1
CC(Cl)=C(F)Cl,0.0,0.0,0.0,2
CC(F)=C(C)F,0.0,0.0,0.0,1
CC(F)=C(Cl)Cl,0.0,0.0,0.0,1
CC(F)=C(F)Cl,0.0,0.0,0.0,1
CC(N)=C(C)C#N,0.0,0.0,0.0,3
CC(N)=CC#N,0.0,0.0,0.0,1
CC(N)=O,0.0,0.0,0.0,1
CC(N)=S,0.0,0.0,0.0,1
CC(N=c)=C1N(C)ccC(=O)N1C,0.0,0.0,0.0,3
CC(O)O,0.0,0.0,0.0,1
CC1(C(N)=O)NCCS1,0.0,0.0,0.0,2
CC1(C)NC(=S)CN1N=O,0.0,0.0,0.0,2
CC1(C)NCCS1,0.0,0.0,0.0,2
CC1(C)OCCO1,0.0,0.0,0.0,1
CC1(O)CCC(=O)O1,0.0,0.0,0.0,1
CC1(O)CSC(=S)N1,0.0,0.0,0.0,1
CC12CCOC(=O)C1O2,0.0,0.0,0.0,4
CC1=C(C)C(=O)C(C)=C(C)C1=O,0.0,0.0,0.0,2
CC1=C(C)C(=O)CC1,0.0,0.0,0.0,1
CC1=C(C)C(=O)OC1=O,0.0,0.0,0.0,2
CC1=C(C)C(=O)ccC1=O,0.0,0.0,0.0,1
CC1=C(C)C(O)=CC(=O)C1=O,0.0,0.0,0.0,1
CC1=C(O)C(=O)CC1,0.0,0.0,0.0,2
CC1=C(O)ccC(=O)C1=O,0.0,0.0,0.0,1
CC1=CC(=O)C(C)=CC1=O,0.0,0.0,0.0,3
CC1=CC(=O)C=C(C)C1=O,0.0,0.0,0.0,4
CC1=CC(=O)C=CC1=O,0.0,0.0,0.0,2
CC1=CC(=O)CC1,0.0,0.0,0.0,1
CC1=CC(=O)ccC1=O,0.0,0.0,0.0,1
CC1=CC2(CC1)OCCO2,0.0,0.0,0.0,2
CC1=CC=C(C)CC1,0.0,0.0,0.0,1
CC1=CCCC(C)=C1,0.0,0.0,0.0,2
CC1=CCCC=C1,0.0,0.0,0.0,1
CC1=NCCN1,0.0,0.0,0.0,1
CC1=NCCO1,0.0,0.0,0.0,1
CC1=NCCS1,0.0,0.0,0.0,1
CC1=NN(C)C(=O)C1,0.0,0.0,0.0,1
CC1=NNC(=O)C1,0.0,0.0,0.0,1
CC1=NS(=O)(=O)ccN1,0.0,0.0,0.0,1
CC1CO1,0.0,0.0,0.0,1
CC1CS1,0.0,0.0,0.0,1
CC1N=CCCO1,0.0,0.0,0.0,3
CC1OC(C)OC(C)O1,0.0,0.0,0.0,1
CC1OC1(C)C,0.0,0.0,0.0,1
CC1OC1(C)C1(C)OCCO1,0.0,0.0,0.0,2
CC1OC1(C)C1CO1,0.0,0.0,0.0,1
CC1OC1C,0.0,0.0,0.0,1
CC1OCC(=O)O1,0.0,0.0,0.0,1
CC1OCCO1,0.0,0.0,0.0,2
CC=C(C)Br,0.0,0.0,0.0,1
CC=C(C)C,0.0,0.0,0.0,2
CC=C(C)C#N,0.0,0.0,0.0,1
CC=C(C)C(=O)Cl,0.0,0.0,0.0,2
CC=C(C)C(=O)NC(N)=O,0.0,0.0,0.0,1
CC=C(C)C(=O)O,0.0,0.0,0.0,2
CC=C(C)C(=O)OC,0.0,0.0,0.0,1
CC=C(C)C=C(C)OC,0.0,0.0,0.0,1
CC=C(C)C=NO,0.0,0.0,0.0,1
CC=C(C)C=O,0.0,0.0,0.0,1
CC=C(C)Cl,0.0,0.0,0.0,1
CC=C(C)N(C)C,0.0,0.0,0.0,2
CC=C(C)OC,0.0,0.0,0.0,2
CC=C(C)OC(C)=O,0.0,0.0,0.0,1
CC=C(Cl)C(C)=O,0.0,0.0,0.0,4
CC=C(Cl)Cl,0.0,0.0,0.0,2
CC=C(F)F,0.0,0.0,0.0,1
CC=C(OC)C(C)=O,0.0,0.0,0.0,1
CC=CC,0.0,0.0,0.0,1
CC=CC#N,0.0,0.0,0.0,1
CC=CC(=O)N(C)C,0.0,0.0,0.0,1
CC=CC(=O)N=C=S,0.0,0.0,0.0,1
CC=CC(=O)O,0.0,0.0,0.0,1
CC=CC(C)=O,0.0,0.0,0.0,1
CC=CC(OC)OC,0.0,0.0,0.0,2
CC=CC=C(C)C,0.0,0.0,0.0,1
CC=CC=CC,0.0,0.0,0.0,1
CC=CC=CC(=O)O,0.0,0.0,0.0,2
CC=CC=CC(=O)OC,0.0,0.0,0.0,5
CC=CC=CC(=O)P(=O)(OC)OC,0.0,0.0,0.0,4
CC=CC=CC=O,0.0,0.0,0.0,1
CC=CC=O,0.0,0.0,0.0,1
CC=CCl,0.0,0.0,0.0,2
CC=COC,0.0,0.0,0.0,1
CC=NNC(C)=O,0.0,0.0,0.0,4
CC=NO,0.0,0.0,0.0,1
CC=NOC(=O)NC,0.0,0.0,0.0,2
CC=O,0.0,0.0,0.0,1
CCl,0.0,0.0,0.0,1
CF,0.0,0.0,0.0,1
CI,0.0,0.0,0.0,1
CN,0.0,0.0,0.0,1
CN(C)B(B(N(C)C)N(C)C)N(C)C,0.0,0.0,0.0,1
CN(C)C,0.0,0.0,0.0,2
CN(C)C#N,0.0,0.0,0.0,1
CN(C)C(=O)Cl,0.0,0.0,0.0,1
CN(C)C(=O)N(C)C,0.0,0.0,0.0,1
CN(C)C(=O)N(C)N=O,0.0,0.0,0.0,58
CN(C)C(=S)SSC(=S)N(C)C,0.0,0.0,0.0,1
CN(C)C(=S)S[Te,0.0,0.0,0.0,1
CN(C)C(=S)[S-,0.0,0.0,0.0,3
CN(C)C(C)(C)O,0.0,0.0,0.0,1
CN(C)C(N)=O,0.0,0.0,0.0,1
CN(C)C1OCCO1,0.0,0.0,0.0,1
CN(C)C=C[N+,0.0,0.0,0.0,1
CN(C)C=O,0.0,0.0,0.0,1
CN(C)C=S,0.0,0.0,0.0,1
CN(C)CN(C)C,0.0,0.0,0.0,1
CN(C)N,0.0,0.0,0.0,1
CN(C)N(C)C,0.0,0.0,0.0,2
CN(C)N=O,0.0,0.0,0.0,1
CN(C)O,0.0,0.0,0.0,1
CN(C)P(=O)(N(C)C)N(C)C,0.0,0.0,0.0,1
CN(C)P(=S)(N(C)C)N(C)C,0.0,0.0,0.0,1
CN(C)P(N(C)C)N(C)C,0.0,0.0,0.0,1
CN(C)S(C)(=O)=O,0.0,0.0,0.0,1
CN(C)S(N)(=O)=O,0.0,0.0,0.0,1
CN(C)SSN(C)C,0.0,0.0,0.0,1
CN(C)[N+,0.0,0.0,0.0,1
CN(C)[O,0.0,0.0,0.0,1
CN(Cl)Cl,0.0,0.0,0.0,1
CN(N=O)C(=O)NC(N)=O,0.0,0.0,0.0,1
CN(N=O)C(=O)NNC(=O)N(C)N=O,0.0,0.0,0.0,1
CN(N=O)C(N)=O,0.0,0.0,0.0,2
CN1C(=O)C=CC1=O,0.0,0.0,0.0,3
CN1C(=O)CC(=O)NC1=O,0.0,0.0,0.0,2
CN1C(=O)CCC1=O,0.0,0.0,0.0,2
CN1C(=O)COC1=O,0.0,0.0,0.0,1
CN1C(=O)CSC1=S,0.0,0.0,0.0,1
CN1C(=O)ccC1=O,0.0,0.0,0.0,1
CN1C(=O)ccNS1(=O)=O,0.0,0.0,0.0,5
CN1C(=S)SCC1(C)O,0.0,0.0,0.0,2
CN1CC(=O)N(C)C1=O,0.0,0.0,0.0,1
CN1CC(=O)N(C)C1=S,0.0,0.0,0.0,1
CN1CC(=O)NC1=O,0.0,0.0,0.0,2
CN1CC1,0.0,0.0,0.0,2
CN1CCN(C)C1=S,0.0,0.0,0.0,1
CN1CCNC1=O,0.0,0.0,0.0,1
CN1CCOC1=O,0.0,0.0,0.0,20
CN1CN(C)CN(C)C1,0.0,0.0,0.0,1
CN1CNccS1(=O)=O,0.0,0.0,0.0,4
CN1N=NccS1(=O)=O,0.0,0.0,0.0,1
CN1OCCC1=O,0.0,0.0,0.0,2
CN1[Si,0.0,0.0,0.0,2
CN1ccS(=O)C1,0.0,0.0,0.0,1
CN=C(C)C,0.0,0.0,0.0,2
CN=C(C)N(C)C,0.0,0.0,0.0,1
CN=C(C)OC,0.0,0.0,0.0,2
CN=C(N)N,0.0,0.0,0.0,1
CN=C=NC,0.0,0.0,0.0,4
CN=C=O,0.0,0.0,0.0,1
CN=C=S,0.0,0.0,0.0,2
CN=NC,0.0,0.0,0.0,1
CN=[N+,0.0,0.0,0.0,1
CNC,0.0,0.0,0.0,1
CNC(=C[N+,0.0,0.0,0.0,1
CNC(=O)C(=O)NC,0.0,0.0,0.0,1
CNC(=O)C(N)=O,0.0,0.0,0.0,1
CNC(=O)C=C(C)OP(=O)(OC)OC,0.0,0.0,0.0,1
CNC(=O)N(C)C,0.0,0.0,0.0,1
CNC(=O)N(C)C(C)=O,0.0,0.0,0.0,1
CNC(=O)N(C)N=O,0.0,0.0,0.0,1
CNC(=O)N1CCN(N=O)C1=O,0.0,0.0,0.0,1
CNC(=O)N1CCNC1=O,0.0,0.0,0.0,1
CNC(=O)NC,0.0,0.0,0.0,1
CNC(=O)NC(=O)N(C)N=O,0.0,0.0,0.0,6
CNC(=O)NC(=O)NC,0.0,0.0,0.0,2
CNC(=O)NN,0.0,0.0,0.0,2
CNC(=O)NNC(=O)NC,0.0,0.0,0.0,3
CNC(=O)N[N+,0.0,0.0,0.0,1
CNC(=O)OC,0.0,0.0,0.0,1
CNC(=O)ON=C(SC)C(=O)N(C)C,0.0,0.0,0.0,1
CNC(=S)C(=S)NC,0.0,0.0,0.0,1
CNC(=S)NC,0.0,0.0,0.0,1
CNC(=S)NN,0.0,0.0,0.0,1
CNC(=S)NNC=O,0.0,0.0,0.0,1
CNC(C)=O,0.0,0.0,0.0,1
CNC(C)=S,0.0,0.0,0.0,1
CNC(N)=O,0.0,0.0,0.0,1
CNC(N)=S,0.0,0.0,0.0,1
CNC1=NCCN1,0.0,0.0,0.0,1
CNC=CC(C)=O,0.0,0.0,0.0,2
CNC=O,0.0,0.0,0.0,1
CNN,0.0,0.0,0.0,2
CNNC,0.0,0.0,0.0,1
CNO,0.0,0.0,0.0,1
CNP(=O)(Cl)Cl,0.0,0.0,0.0,1
CNP(=O)(OC)N(C)C,0.0,0.0,0.0,2
CNP(=O)(OC)OC,0.0,0.0,0.0,1
CNP(=S)(Cl)Cl,0.0,0.0,0.0,2
CNS(=O)(=O)O,0.0,0.0,0.0,1
CNS(C)(=O)=O,0.0,0.0,0.0,1
CO,0.0,0.0,0.0,2
COB(C)C,0.0,0.0,0.0,2
COB(O)O,0.0,0.0,0.0,2
COB(OC)OC,0.0,0.0,0.0,1
COC,0.0,0.0,0.0,1
COC(=O)C#CC(=O)OC,0.0,0.0,0.0,1
COC(=O)C(=C(C)C)C(C(=O)OC)=C(OC)OC,0.0,0.0,0.0,1
COC(=O)C(=CN(C)C)C(=O)OC,0.0,0.0,0.0,1
COC(=O)C(=CN(C)C)C(C(=O)OC)=C(C)C,0.0,0.0,0.0,1
COC(=O)C(=CO)C(C(=O)OC)=C(C)C,0.0,0.0,0.0,1
COC(=O)C(=O)N(C)C,0.0,0.0,0.0,1
COC(=O)C(C#N)=C(C)C,0.0,0.0,0.0,20
COC(=O)C(C(=O)OC)=C(C(=O)OC)C(=O)OC,0.0,0.0,0.0,1
COC(=O)C(C(=O)OC)=C(C)C,0.0,0.0,0.0,1
COC(=O)C(C(=O)OC)=C1C=C(O)C(=O)cc1,0.0,0.0,0.0,1
COC(=O)C(C)=C(C)C,0.0,0.0,0.0,2
COC(=O)C(C)=O,0.0,0.0,0.0,1
COC(=O)C(C=C(C)C)=CN(C)C,0.0,0.0,0.0,2
COC(=O)C(C=C(C)C)=CO,0.0,0.0,0.0,2
COC(=O)C(N)=O,0.0,0.0,0.0,3
COC(=O)C(SC)SC,0.0,0.0,0.0,13
COC(=O)C1=C(C)NC(C)=C(C(=O)OC)C1,0.0,0.0,0.0,2
COC(=O)C1=C(C)OC(C)=C(C)C1,0.0,0.0,0.0,1
COC(=O)C1=CCC1,0.0,0.0,0.0,2
COC(=O)C1OC1C,0.0,0.0,0.0,1
COC(=O)C1SCCS1,0.0,0.0,0.0,1
COC(=O)C=C(C)C,0.0,0.0,0.0,1
COC(=O)C=C(C)C(=O)OC,0.0,0.0,0.0,2
COC(=O)C=C(C)N,0.0,0.0,0.0,1
COC(=O)C=C(C)N(C)C,0.0,0.0,0.0,4
COC(=O)C=C(C)OC,0.0,0.0,0.0,1
COC(=O)C=C(C)OP(=O)(OC)OC,0.0,0.0,0.0,1
COC(=O)C=CC(=O)O,0.0,0.0,0.0,2
COC(=O)C=CC(=O)OC,0.0,0.0,0.0,1
COC(=O)C=O,0.0,0.0,0.0,1
COC(=O)C=[N+,0.0,0.0,0.0,37
COC(=O)Cl,0.0,0.0,0.0,4
COC(=O)N(C)C,0.0,0.0,0.0,1
COC(=O)N(Cl)Cl,0.0,0.0,0.0,1
COC(=O)N1C(=O)ccC1=O,0.0,0.0,0.0,1
COC(=O)N=NC(=O)OC,0.0,0.0,0.0,1
COC(=O)NC(C)=O,0.0,0.0,0.0,3
COC(=O)NC(N)=O,0.0,0.0,0.0,1
COC(=O)NCNC(=O)OC,0.0,0.0,0.0,1
COC(=O)NN,0.0,0.0,0.0,1
COC(=O)NNC(=O)OC,0.0,0.0,0.0,2
COC(=O)OC,0.0,0.0,0.0,1
COC(=O)SCl,0.0,0.0,0.0,1
COC(=S)C(=S)OC,0.0,0.0,0.0,4
COC(=S)SC,0.0,0.0,0.0,2
COC(=S)SSC(=S)OC,0.0,0.0,0.0,2
COC(C)(C)OC,0.0,0.0,0.0,1
COC(C)(OC)OC,0.0,0.0,0.0,1
COC(C)=C(C#N)C(N)=S,0.0,0.0,0.0,1
COC(C)=CC(C)=O,0.0,0.0,0.0,1
COC(C)=N,0.0,0.0,0.0,2
COC(C)N=[N+,0.0,0.0,0.0,1
COC(C)NC(C)=O,0.0,0.0,0.0,1
COC(C)O,0.0,0.0,0.0,2
COC(C)OC,0.0,0.0,0.0,1
COC(C)OC(C)(C)OC,0.0,0.0,0.0,1
COC(C)OC(C)=O,0.0,0.0,0.0,1
COC(C)SC,0.0,0.0,0.0,5
COC(C=C(C)C)OC,0.0,0.0,0.0,1
COC(OC)(OC)OC,0.0,0.0,0.0,3
COC(OC)=C(C)C,0.0,0.0,0.0,1
COC(OC)OC,0.0,0.0,0.0,1
COC1(C)COC(C)(C)O1,0.0,0.0,0.0,1
COC1(OC)C(Cl)=C(Cl)C(Cl)=C1Cl,0.0,0.0,0.0,1
COC1=CC(=C2C=C(OC)C(=O)C(OC)=C2)C=C(OC)C1=O,0.0,0.0,0.0,14
COC1=CC(=O)C=C(OC)C1=O,0.0,0.0,0.0,9
COC1C=CC(OC)O1,0.0,0.0,0.0,2
COC1CCC(OC)O1,0.0,0.0,0.0,1
COC1CCC=CO1,0.0,0.0,0.0,1
COC1CCOC(C)O1,0.0,0.0,0.0,1
COC1COC(C)(C)O1,0.0,0.0,0.0,1
COC1ccC(=O)O1,0.0,0.0,0.0,1
COC=C(C(=O)OC)C(=O)OC,0.0,0.0,0.0,1
COC=C(C)C,0.0,0.0,0.0,2
COC=O,0.0,0.0,0.0,1
COCN1C(=O)ccC1=O,0.0,0.0,0.0,1
COCN=C=S,0.0,0.0,0.0,2
CON,0.0,0.0,0.0,1
CON=C(C)C,0.0,0.0,0.0,1
CON=O,0.0,0.0,0.0,1
CONC(N)=O,0.0,0.0,0.0,1
COOC,0.0,0.0,0.0,1
COOC(=O)OC,0.0,0.0,0.0,2
COOC(C)=O,0.0,0.0,0.0,1
COP(=O)(Cl)Cl,0.0,0.0,0.0,4
COP(=O)(Cl)OC,0.0,0.0,0.0,1
COP(=O)(NC(C)=O)SC,0.0,0.0,0.0,1
COP(=O)(O)OC,0.0,0.0,0.0,2
COP(=O)(OC)C(C)=O,0.0,0.0,0.0,1
COP(=O)(OC)C(OC(C)=O)=C(C)C,0.0,0.0,0.0,2
COP(=O)(OC)N(C)C,0.0,0.0,0.0,4
COP(=O)(OC)OC,0.0,0.0,0.0,1
COP(=O)(OC)OC(=O)N(C)C,0.0,0.0,0.0,1
COP(=O)(OC)OC(C)=C(Cl)C(=O)N(C)C,0.0,0.0,0.0,1
COP(=O)(OC)OC(C)=CC(=O)N(C)C,0.0,0.0,0.0,2
COP(=O)(OC)OC=C(Cl)Cl,0.0,0.0,0.0,1
COP(=O)(OC)SC,0.0,0.0,0.0,1
COP(=S)(Cl)Cl,0.0,0.0,0.0,2
COP(=S)(Cl)OC,0.0,0.0,0.0,2
COP(=S)(OC)OC,0.0,0.0,0.0,1
COP(=S)(OC)OP(=S)(OC)OC,0.0,0.0,0.0,2
COP(=S)(OC)SC,0.0,0.0,0.0,1
COP(=S)(OC)SC1OCCOC1SP(=S)(OC)OC,0.0,0.0,0.0,2
COP(=S)(OC)SCSC,0.0,0.0,0.0,2
COP(=S)(S)OC,0.0,0.0,0.0,2
COP(C)(=O)N(C)C,0.0,0.0,0.0,2
COP(C)(=O)O,0.0,0.0,0.0,1
COP(C)(=O)OC,0.0,0.0,0.0,1
COP(C)(=S)OC,0.0,0.0,0.0,1
COP(C)(=[Se,0.0,0.0,0.0,1
COP(C)(C)=O,0.0,0.0,0.0,1
COP(Cl)Cl,0.0,0.0,0.0,1
COP(N)(=O)OC,0.0,0.0,0.0,1
COP(N)(=S)OC,0.0,0.0,0.0,1
COP(OC)N(C)C,0.0,0.0,0.0,2
COP(OC)OC,0.0,0.0,0.0,1
COP1OccO1,0.0,0.0,0.0,1
COS(=O)(=O)OC,0.0,0.0,0.0,1
COS(=O)OC,0.0,0.0,0.0,2
COS(C)(=O)=O,0.0,0.0,0.0,7
COS(C)=O,0.0,0.0,0.0,1
CO[B,0.0,0.0,0.0,2
CP,0.0,0.0,0.0,1
CP(=O)(Cl)Cl,0.0,0.0,0.0,1
CP(=O)(O)O,0.0,0.0,0.0,1
CP(C)C,0.0,0.0,0.0,1
CP(Cl)(Cl)=[Se,0.0,0.0,0.0,1
CS,0.0,0.0,0.0,1
CS(=O)(=O)Cl,0.0,0.0,0.0,1
CS(=O)(=O)F,0.0,0.0,0.0,2
CS(=O)(=O)NS(C)(=O)=O,0.0,0.0,0.0,2
CS(=O)(=O)OS(C)(=O)=O,0.0,0.0,0.0,2
CS(C)(=O)=O,0.0,0.0,0.0,2
CS(N)(=O)=O,0.0,0.0,0.0,1
CSC,0.0,0.0,0.0,2
CSC(=O)N(C)C,0.0,0.0,0.0,2
CSC(=S)N(C)C,0.0,0.0,0.0,2
CSC(C)(C)SC,0.0,0.0,0.0,2
CSC(SC)[Si,0.0,0.0,0.0,2
CSC1=NCCS1,0.0,0.0,0.0,1
CSCSC,0.0,0.0,0.0,1
CSN1C(=O)CCC1=O,0.0,0.0,0.0,1
CSN1C(=O)CNC1=O,0.0,0.0,0.0,1
CSN1C(=O)ccC1=O,0.0,0.0,0.0,1
CSP(=O)(Cl)Cl,0.0,0.0,0.0,4
CSP(=O)(O)O,0.0,0.0,0.0,2
CSP(=S)(Cl)Cl,0.0,0.0,0.0,1
CSP(SC)SC,0.0,0.0,0.0,1
CSS(=O)(=O)O,0.0,0.0,0.0,1
CSS(C)(=O)=O,0.0,0.0,0.0,1
CSSC,0.0,0.0,0.0,2
CSSC(C)=C(C)N(C)C=O,0.0,0.0,0.0,1
CS[Si,0.0,0.0,0.0,1
CS[Sn,0.0,0.0,0.0,1
C[As,0.0,0.0,0.0,1
C[Hg,0.0,0.0,0.0,1
C[N+,0.0,0.0,0.0,5
C[NH+,0.0,0.0,0.0,1
C[P+,0.0,0.0,0.0,1
C[Pb,0.0,0.0,0.0,2
C[Se,0.0,0.0,0.0,1
C[Si,0.0,0.0,0.0,1
C[SiH3,0.0,0.0,0.0,1
C[Si](C)(C)C,0.0,0.0,0.0,2
C[Sn,0.0,0.0,0.0,1
Cl,0.0,0.0,0.0,1
ClC(Cl)=C(Cl)C(Cl)=C(Cl)Cl,0.0,0.0,0.0,1
ClC(Cl)=C(Cl)Cl,0.0,0.0,0.0,1
ClC1=C(Cl)C(=C2C(Cl)=C(Cl)C(Cl)=C2Cl)C(Cl)=C1Cl,0.0,0.0,0.0,1
ClC1=C(Cl)C(Cl)=C(Cl)C1,0.0,0.0,0.0,1
ClC=C(Cl)Cl,0.0,0.0,0.0,1
ClC=CCl,0.0,0.0,0.0,1
ClP1(Cl)(Cl)OccO1,0.0,0.0,0.0,1
ClP1(Cl)=NP(Cl)(Cl)=NP(Cl)(Cl)=NP(Cl)(Cl)=N1,0.0,0.0,0.0,2
Cl[Si,0.0,0.0,0.0,1
Cn1ccnn1,0.0,0.0,0.0,1
FB(F)F,0.0,0.0,0.0,1
FC(Cl)=C(Cl)Cl,0.0,0.0,0.0,1
FC(Cl)=C(F)Cl,0.0,0.0,0.0,1
FC(F)=C(F)F,0.0,0.0,0.0,1
FC1=C(Cl)CC1,0.0,0.0,0.0,1
FN(F)F,0.0,0.0,0.0,1
FS(F)(F)(F)(F)F,0.0,0.0,0.0,1
F[Si,0.0,0.0,0.0,1
I,0.0,0.0,0.0,1
N,0.0,0.0,0.0,1
N#CC#N,0.0,0.0,0.0,1
N#CC(C#N)=C(C#N)C#N,0.0,0.0,0.0,1
N#C[S-,0.0,0.0,0.0,1
N#S(F)(F)F,0.0,0.0,0.0,1
N=C(N)S(=O)O,0.0,0.0,0.0,2
NC(=O)N=NC(N)=O,0.0,0.0,0.0,3
NC(=O)NC1NC(=O)NC1=O,0.0,0.0,0.0,1
NC(=O)NN=CC(=O)O,0.0,0.0,0.0,8
NC(=S)C(N)=S,0.0,0.0,0.0,7
NC(N)=O,0.0,0.0,0.0,2
NC(N)=S,0.0,0.0,0.0,2
NC1=NC(=O)CS1,0.0,0.0,0.0,1
NC1=NCCS1,0.0,0.0,0.0,1
NC=O,0.0,0.0,0.0,6
NN1C(=O)CSC1=S,0.0,0.0,0.0,1
NN=C(N)N[N+,0.0,0.0,0.0,1
NNC(N)=O,0.0,0.0,0.0,2
Nn1cnnn1,0.0,0.0,0.0,2
O,0.0,0.0,0.0,1
O=C(Cl)Cl,0.0,0.0,0.0,1
O=C(Cl)SCl,0.0,0.0,0.0,10
O=C(F)F,0.0,0.0,0.0,2
O=C(O)C(Cl)=C(Cl)Cl,0.0,0.0,0.0,1
O=C(O)C1=C(C(=O)O)C(=O)C(C(=O)O)=C(C(=O)O)C1,0.0,0.0,0.0,2
O=C([O-,0.0,0.0,0.0,2
O=C1C(Br)=C(Br)CC(Br)=C1Br,0.0,0.0,0.0,1
O=C1C(Br)=CCC=C1Br,0.0,0.0,0.0,1
O=C1C(Cl)=C(Cl)C(=O)C(Cl)=C1Cl,0.0,0.0,0.0,3
O=C1C(Cl)=CC(=NCl)C=C1Cl,0.0,0.0,0.0,1
O=C1C(F)=C(F)C(=O)C(F)=C1F,0.0,0.0,0.0,1
O=C1C(O)=C(Br)C(=O)C(O)=C1Br,0.0,0.0,0.0,1
O=C1C(O)=C(O)C(=O)C(O)=C1O,0.0,0.0,0.0,1
O=C1C=C(Cl)C(=O)C(Cl)=C1,0.0,0.0,0.0,1
O=C1C=C(I)C(=O)C(I)=C1,0.0,0.0,0.0,2
O=C1C=C(O)C(=O)C=C1O,0.0,0.0,0.0,1
O=C1C=C(O)ccC1=O,0.0,0.0,0.0,1
O=C1C=C(S)C(=O)cc1,0.0,0.0,0.0,1
O=C1C=CC(=O)CC1,0.0,0.0,0.0,1
O=C1C=CC(=O)O1,0.0,0.0,0.0,2
O=C1C=CC(=O)cc1,0.0,0.0,0.0,1
O=C1C=CCC1,0.0,0.0,0.0,3
O=C1C=CCC=C1,0.0,0.0,0.0,3
O=C1C=CCCO1,0.0,0.0,0.0,2
O=C1C=CCO1,0.0,0.0,0.0,1
O=C1C=CNC(=O)C1,0.0,0.0,0.0,12
O=C1C=Ccc1,0.0,0.0,0.0,1
O=C1C=CccC1=O,0.0,0.0,0.0,1
O=C1CC(=O)NC(=S)N1,0.0,0.0,0.0,3
O=C1CC(=O)NCN1,0.0,0.0,0.0,1
O=C1CCC(=O)N1,0.0,0.0,0.0,1
O=C1CCC(=O)N1Br,0.0,0.0,0.0,3
O=C1CCC(=O)N1Cl,0.0,0.0,0.0,1
O=C1CCC(=O)O1,0.0,0.0,0.0,1
O=C1CCC2(CCC(=O)O2)O1,0.0,0.0,0.0,2
O=C1CCO1,0.0,0.0,0.0,1
O=C1CN(Br)C(=O)N1Cl,0.0,0.0,0.0,1
O=C1CN(Cl)C(=O)N1,0.0,0.0,0.0,1
O=C1CN(Cl)C(=O)N1Cl,0.0,0.0,0.0,1
O=C1CNC(=O)N1,0.0,0.0,0.0,1
O=C1COC(=O)N1,0.0,0.0,0.0,2
O=C1CSC(=O)N1,0.0,0.0,0.0,1
O=C1CSC(=S)N1,0.0,0.0,0.0,1
O=C1N(Cl)C2C(N1Cl)N(Cl)C(=O)N2Cl,0.0,0.0,0.0,2
O=C1NC(=O)C(=O)C(=O)N1,0.0,0.0,0.0,1
O=C1NCCN1,0.0,0.0,0.0,2
O=C1NCCO1,0.0,0.0,0.0,1
O=C1NccS(=O)(=O)N1,0.0,0.0,0.0,2
O=C1OC(=O)C(Cl)=C1Cl,0.0,0.0,0.0,1
O=C1OC(O)C(Br)=C1Br,0.0,0.0,0.0,5
O=C1OCCO1,0.0,0.0,0.0,2
O=C1ccC(=O)C1(O)O,0.0,0.0,0.0,1
O=C1ccC(=O)N1,0.0,0.0,0.0,1
O=C1ccC(=O)N1CO,0.0,0.0,0.0,1
O=C1ccC(=O)N1Cl,0.0,0.0,0.0,1
O=C1ccC(=O)O1,0.0,0.0,0.0,1
O=C1ccNC1=O,0.0,0.0,0.0,3
O=C1ccS(=O)(=O)N1,0.0,0.0,0.0,1
O=C1ccS(=O)(=O)O1,0.0,0.0,0.0,1
O=C1ccS(=O)(=O)[N-,0.0,0.0,0.0,1
O=C=O,0.0,0.0,0.0,2
O=C=S,0.0,0.0,0.0,4
O=CC(Br)=C(Br)C(=O)O,0.0,0.0,0.0,1
O=CC(Cl)=C(Cl)C(=O)O,0.0,0.0,0.0,1
O=CC1CO1,0.0,0.0,0.0,3
O=CNCNC=O,0.0,0.0,0.0,1
O=CO,0.0,0.0,0.0,2
O=NN1CCC(=O)NC1=O,0.0,0.0,0.0,1
O=P(=O)[O-,0.0,0.0,0.0,1
O=S(=O)(F)F,0.0,0.0,0.0,3
O=S(=O)(O)CS(=O)(=O)O,0.0,0.0,0.0,1
O=S(=O)(O)O,0.0,0.0,0.0,3
O=S(=O)([O-,0.0,0.0,0.0,1
O=S(Cl)Cl,0.0,0.0,0.0,1
O=S1(=O)C=C(Cl)CC1,0.0,0.0,0.0,1
O=S1(=O)CCS(=O)(=O)C1,0.0,0.0,0.0,1
O=S1(=O)ccNCN1,0.0,0.0,0.0,1
O=S1OCCO1,0.0,0.0,0.0,2
O=[N+,0.0,0.0,0.0,1
O=[O+,0.0,0.0,0.0,1
O=[Si,0.0,0.0,0.0,6
O=[Ti,0.0,0.0,0.0,3
OB(O)O,0.0,0.0,0.0,1
ON=CC=NO,0.0,0.0,0.0,2
On1ccnn1,0.0,0.0,0.0,1
S=C1CNC(=S)N1,0.0,0.0,0.0,1
S=C1NCCN1,0.0,0.0,0.0,1
S=C1NCCO1,0.0,0.0,0.0,2
S=C1NCCS1,0.0,0.0,0.0,2
S=P(Cl)(Cl)Cl,0.0,0.0,0.0,1
[Cl-,0.0,0.0,0.0,2
[Cu,0.0,0.0,0.0,1
[F-,0.0,0.0,0.0,1
[Fe,0.0,0.0,0.0,1
[Fe+2,0.0,0.0,0.0,2
[GeH4,0.0,0.0,0.0,2
[I-,0.0,0.0,0.0,1
[Mn,0.0,0.0,0.0,1
[N-,0.0,0.0,0.0,1
[NH4+,0.0,0.0,0.0,1
[O-,0.0,0.0,0.0,1
[O-2,0.0,0.0,0.0,1
[Ru,0.0,0.0,0.0,2
[Th,0.0,0.0,0.0,4
c-n(c)[nH,0.0,0.0,0.0,1
c-n(c)c,0.0,0.0,0.0,1
c-n(c)n(c)C,0.0,0.0,0.0,1
c-n1cnn[nH,0.0,0.0,0.0,1
c-n1cnnn1,0.0,0.0,0.0,2
c-n1nccn1,0.0,0.0,0.0,1
c1cn[nH,0.0,0.0,0.0,2
c1cn[se,0.0,0.0,0.0,1
c1cnsn1,0.0,0.0,0.0,1
c1csnn1,0.0,0.0,0.0,1
c=N,0.0,0.0,0.0,1
c=NN=c,0.0,0.0,0.0,1
c=NO,0.0,0.0,0.0,1
c=O,0.0,0.0,0.0,1
c=[N+,0.0,0.0,0.0,2
cB(O)O,0.0,0.0,0.0,1
cB(c)c,0.0,0.0,0.0,2
cB1NccN1,0.0,0.0,0.0,1
cBr,0.0,0.0,0.0,1
cC#CC,0.0,0.0,0.0,2
cC#CC#Cc,0.0,0.0,0.0,1
cC#CC(=O)O,0.0,0.0,0.0,3
cC#CC(C)=O,0.0,0.0,0.0,1
cC#CC(N)=O,0.0,0.0,0.0,1
cC#Cc,0.0,0.0,0.0,1
cC#N,0.0,0.0,0.0,4
cC#[N+,0.0,0.0,0.0,1
cC(=C)C,0.0,0.0,0.0,3
cC(=C)C#N,0.0,0.0,0.0,1
cC(=C)C(=O)OC,0.0,0.0,0.0,1
cC(=N)N,0.0,0.0,0.0,1
cC(=NO)C(C)=NO,0.0,0.0,0.0,1
cC(=NO)C(c)=NO,0.0,0.0,0.0,1
cC(=O)C(=O)O,0.0,0.0,0.0,1
cC(=O)C(=O)OC,0.0,0.0,0.0,2
cC(=O)C(C)=O,0.0,0.0,0.0,1
cC(=O)C(N)=O,0.0,0.0,0.0,1
cC(=O)C(c)=NN,0.0,0.0,0.0,1
cC(=O)C(c)=O,0.0,0.0,0.0,3
cC(=O)C=C,0.0,0.0,0.0,1
cC(=O)C=C(C)O,0.0,0.0,0.0,7
cC(=O)C=C(c)C,0.0,0.0,0.0,1
cC(=O)C=CC(=O)O,0.0,0.0,0.0,1
cC(=O)C=CC(c)=O,0.0,0.0,0.0,1
cC(=O)F,0.0,0.0,0.0,1
cC(=O)N(C)C,0.0,0.0,0.0,2
cC(=O)N(C)C(=O)NC,0.0,0.0,0.0,1
cC(=O)N(OC(C)=O)C(C)=O,0.0,0.0,0.0,1
cC(=O)N(c)C,0.0,0.0,0.0,2
cC(=O)N(c)O,0.0,0.0,0.0,1
cC(=O)N(c)OC(C)=O,0.0,0.0,0.0,1
cC(=O)N1CC1,0.0,0.0,0.0,1
cC(=O)N=C=O,0.0,0.0,0.0,1
cC(=O)N=C=S,0.0,0.0,0.0,4
cC(=O)NC,0.0,0.0,0.0,2
cC(=O)NC(N)=O,0.0,0.0,0.0,1
cC(=O)NC(c)=O,0.0,0.0,0.0,2
cC(=O)NC(c)N(C)C,0.0,0.0,0.0,1
cC(=O)NCO,0.0,0.0,0.0,1
cC(=O)NN(C)C,0.0,0.0,0.0,2
cC(=O)NN=C(C)C,0.0,0.0,0.0,1
cC(=O)NNC,0.0,0.0,0.0,2
cC(=O)NNC(=S)NC,0.0,0.0,0.0,1
cC(=O)NNC(C)=O,0.0,0.0,0.0,4
cC(=O)NNC(N)=O,0.0,0.0,0.0,1
cC(=O)NNC(c)=O,0.0,0.0,0.0,1
cC(=O)NO,0.0,0.0,0.0,3
cC(=O)NS(c)(=O)=O,0.0,0.0,0.0,1
cC(=O)Nn(c)c,0.0,0.0,0.0,1
cC(=O)O,0.0,0.0,0.0,1
cC(=O)OC,0.0,0.0,0.0,1
cC(=O)OC(c)=O,0.0,0.0,0.0,1
cC(=O)ON=C(C)N,0.0,0.0,0.0,1
cC(=O)ON=C(c)N,0.0,0.0,0.0,2
cC(=O)OO,0.0,0.0,0.0,1
cC(=O)OOC,0.0,0.0,0.0,1
cC(=O)OOC(c)=O,0.0,0.0,0.0,1
cC(=O)SC,0.0,0.0,0.0,1
cC(=O)SCO,0.0,0.0,0.0,2
cC(=O)SSC(c)=O,0.0,0.0,0.0,4
cC(=O)n(c)c,0.0,0.0,0.0,1
cC(Br)=CC=C(c)Br,0.0,0.0,0.0,7
cC(C)=C(C#N)C(=O)OC,0.0,0.0,0.0,10
cC(C)=C(C)C(=O)O,0.0,0.0,0.0,1
cC(C)=C(c)C,0.0,0.0,0.0,1
cC(C)=CC,0.0,0.0,0.0,1
cC(C)=NN=C(c)C,0.0,0.0,0.0,1
cC(C)=NO,0.0,0.0,0.0,1
cC(C)=NOC,0.0,0.0,0.0,2
cC(C)=O,0.0,0.0,0.0,1
cC(F)=C(c)F,0.0,0.0,0.0,3
cC(N)=NC,0.0,0.0,0.0,1
cC(N)=NOC(C)=O,0.0,0.0,0.0,1
cC(N)=O,0.0,0.0,0.0,2
cC(N)=S,0.0,0.0,0.0,1
cC(O)=C(C)C(C)=O,0.0,0.0,0.0,8
cC(OC)OC,0.0,0.0,0.0,2
cC(c)(OC)OC,0.0,0.0,0.0,1
cC(c)=C,0.0,0.0,0.0,2
cC(c)=C(C#N)C(=O)OC,0.0,0.0,0.0,2
cC(c)=C(C)C,0.0,0.0,0.0,6
cC(c)=C(Cl)Cl,0.0,0.0,0.0,2
cC(c)=C(c)C,0.0,0.0,0.0,1
cC(c)=C(c)C#N,0.0,0.0,0.0,2
cC(c)=C(c)C(=O)O,0.0,0.0,0.0,2
cC(c)=C(c)Cl,0.0,0.0,0.0,1
cC(c)=C(c)c,0.0,0.0,0.0,7
cC(c)=C1C=C(Br)C(=O)C(Br)=C1,0.0,0.0,0.0,16
cC(c)=C1C=CC=C1,0.0,0.0,0.0,1
cC(c)=CBr,0.0,0.0,0.0,2
cC(c)=CC,0.0,0.0,0.0,2
cC(c)=NC,0.0,0.0,0.0,1
cC(c)=NN,0.0,0.0,0.0,1
cC(c)=NN=C(c)c,0.0,0.0,0.0,1
cC(c)=NO,0.0,0.0,0.0,1
cC1(C)CO1,0.0,0.0,0.0,10
cC1(O)CSC(=S)N1,0.0,0.0,0.0,1
cC1(O)CSC(=S)N1C,0.0,0.0,0.0,1
cC12NC(=O)NC1(c)NC(=O)N2,0.0,0.0,0.0,1
cC1=C(C(C)=O)C(=O)OC1,0.0,0.0,0.0,2
cC1=C(C)C(=O)C(C)=C1c,0.0,0.0,0.0,7
cC1=C(C)C(=O)OC1=O,0.0,0.0,0.0,1
cC1=C(c)C1,0.0,0.0,0.0,2
cC1=CC(=O)C(C)=C(C)C1=O,0.0,0.0,0.0,1
cC1=CC(=O)C(c)=CC1=O,0.0,0.0,0.0,1
cC1=CC(=O)C=CC1=O,0.0,0.0,0.0,2
cC1=CC(c)(O)OC1=O,0.0,0.0,0.0,2
cC1=COC2(ccC(=O)O2)C1=O,0.0,0.0,0.0,1
cC1=NCCO1,0.0,0.0,0.0,1
cC1=NCCS1,0.0,0.0,0.0,1
cC1CO1,0.0,0.0,0.0,2
cC1N(C)CCN1C,0.0,0.0,0.0,2
cC1NC(=O)ccO1,0.0,0.0,0.0,1
cC1OC(=O)ccS1,0.0,0.0,0.0,1
cC1OC1C(=O)OC,0.0,0.0,0.0,2
cC1OC1c,0.0,0.0,0.0,1
cC=C(Br)C=O,0.0,0.0,0.0,3
cC=C(C#N)C(=O)O,0.0,0.0,0.0,1
cC=C(C#N)C(=O)OC,0.0,0.0,0.0,1
cC=C(C(=O)O)C(=O)O,0.0,0.0,0.0,1
cC=C(C(c)=O)C(=O)OC,0.0,0.0,0.0,1
cC=C(C)C,0.0,0.0,0.0,2
cC=C(C)C(=O)O,0.0,0.0,0.0,1
cC=C(C)C(C)=O,0.0,0.0,0.0,1
cC=C(C)C=O,0.0,0.0,0.0,1
cC=C(C)[N+,0.0,0.0,0.0,2
cC=C(Cl)C=O,0.0,0.0,0.0,1
cC=C(F)C(=O)O,0.0,0.0,0.0,1
cC=C(NC(C)=O)C(=O)O,0.0,0.0,0.0,2
cC=C(NC(C)=O)N(C)C(C)=O,0.0,0.0,0.0,4
cC=C(c)C#N,0.0,0.0,0.0,1
cC=C(c)C(=O)OC,0.0,0.0,0.0,1
cC=C(c)C=O,0.0,0.0,0.0,2
cC=C(c)c,0.0,0.0,0.0,5
cC=C1C(=O)NC(=O)NC1=O,0.0,0.0,0.0,1
cC=C1C=CccN1C,0.0,0.0,0.0,1
cC=C1N=C(C)OC1=O,0.0,0.0,0.0,10
cC=C1NC(=O)NC1=O,0.0,0.0,0.0,1
cC=C1NC(=S)NC1=O,0.0,0.0,0.0,6
cC=C1SC(=O)NC1=O,0.0,0.0,0.0,3
cC=C1SC(=S)N(N)C1=O,0.0,0.0,0.0,1
cC=C1SC(=S)NC1=O,0.0,0.0,0.0,1
cC=C1SC(N)=NC1=O,0.0,0.0,0.0,1
cC=C1ccC(=O)O1,0.0,0.0,0.0,1
cC=CBr,0.0,0.0,0.0,4
cC=CC,0.0,0.0,0.0,1
cC=CC#N,0.0,0.0,0.0,1
cC=CC(=O)C=Cc,0.0,0.0,0.0,2
cC=CC(=O)O,0.0,0.0,0.0,2
cC=CC(C)=O,0.0,0.0,0.0,1
cC=CC(OC)OC,0.0,0.0,0.0,1
cC=CC(c)=NO,0.0,0.0,0.0,1
cC=CC(c)=O,0.0,0.0,0.0,2
cC=CC=C(c)c,0.0,0.0,0.0,1
cC=CC=C1SC(=S)NC1=O,0.0,0.0,0.0,2
cC=CC=CC(=O)O,0.0,0.0,0.0,4
cC=CC=CC(c)=O,0.0,0.0,0.0,3
cC=CC=Cc,0.0,0.0,0.0,1
cC=CC=NO,0.0,0.0,0.0,1
cC=CCl,0.0,0.0,0.0,6
cC=C[N+,0.0,0.0,0.0,1
cC=NC,0.0,0.0,0.0,2
cC=NC(c)N=Cc,0.0,0.0,0.0,1
cC=NN(C)C,0.0,0.0,0.0,2
cC=NN1C(=O)C(=Cc)SC1=S,0.0,0.0,0.0,1
cC=NN1C(=O)CSC1=S,0.0,0.0,0.0,1
cC=NN1CC(=O)NC1=O,0.0,0.0,0.0,1
cC=NN1CCOC1=O,0.0,0.0,0.0,1
cC=NN=Cc,0.0,0.0,0.0,2
cC=NNC(C)=O,0.0,0.0,0.0,3
cC=NNC(N)=O,0.0,0.0,0.0,1
cC=NNC(c)=O,0.0,0.0,0.0,1
cC=NNc,0.0,0.0,0.0,2
cC=NO,0.0,0.0,0.0,1
cC=Nc,0.0,0.0,0.0,2
cC=O,0.0,0.0,0.0,1
cC=S,0.0,0.0,0.0,1
cCl,0.0,0.0,0.0,1
cF,0.0,0.0,0.0,10
cI,0.0,0.0,0.0,1
cI(OC(C)=O)OC(C)=O,0.0,0.0,0.0,1
cN(C(C)=O)C(C)=O,0.0,0.0,0.0,1
cN(C(C)=O)N(c)C(C)=O,0.0,0.0,0.0,1
cN(C(C)=O)S(c)(=O)=O,0.0,0.0,0.0,1
cN(C)C,0.0,0.0,0.0,2
cN(C)C(=O)OC,0.0,0.0,0.0,1
cN(C)C(C)=O,0.0,0.0,0.0,1
cN(C)C(C)N(C)C,0.0,0.0,0.0,1
cN(C)C(N)=S,0.0,0.0,0.0,1
cN(C)C=O,0.0,0.0,0.0,6
cN(C)N,0.0,0.0,0.0,2
cN(C)P(=O)(N(c)C)N(c)C,0.0,0.0,0.0,1
cN(C)P(OC)OC,0.0,0.0,0.0,1
cN(C)S(c)(=O)=O,0.0,0.0,0.0,1
cN(C=CC1=[N+,0.0,0.0,0.0,1
cN(COC)C(C)=O,0.0,0.0,0.0,1
cN(Cl)Cl,0.0,0.0,0.0,2
cN(c)C,0.0,0.0,0.0,7
cN(c)C#CC,0.0,0.0,0.0,2
cN(c)C(=O)C=C,0.0,0.0,0.0,1
cN(c)C(=O)Cl,0.0,0.0,0.0,5
cN(c)C(=O)N(C)C,0.0,0.0,0.0,2
cN(c)C(=O)NN,0.0,0.0,0.0,1
cN(c)C(=O)OC,0.0,0.0,0.0,1
cN(c)C(C)=O,0.0,0.0,0.0,1
cN(c)C(N)=O,0.0,0.0,0.0,1
cN(c)C=O,0.0,0.0,0.0,22
cN(c)N=O,0.0,0.0,0.0,1
cN(c)[NH3+,0.0,0.0,0.0,2
cN(c)c,0.0,0.0,0.0,1
cN1C(=O)C(=C(C)C)SC1=S,0.0,0.0,0.0,1
cN1C(=O)C=CC1=O,0.0,0.0,0.0,1
cN1C(=O)CCC1=O,0.0,0.0,0.0,4
cN1C(=O)N(c)C1=O,0.0,0.0,0.0,7
cN1CC(=O)N(C)C1,0.0,0.0,0.0,1
cN1CC1,0.0,0.0,0.0,2
cN1CCC(=O)N1C(C)=O,0.0,0.0,0.0,1
cN1CCC(N)=N1,0.0,0.0,0.0,2
cN1CCC(OC(C)=O)=N1,0.0,0.0,0.0,2
cN1CCC1=O,0.0,0.0,0.0,1
cN1CCOC1=O,0.0,0.0,0.0,1
cN1N=C(C)CC1=O,0.0,0.0,0.0,1
cN1ccC(=O)C1=O,0.0,0.0,0.0,1
cN=C(C#N)Nc,0.0,0.0,0.0,2
cN=C(C)C,0.0,0.0,0.0,2
cN=C(C)Nc,0.0,0.0,0.0,1
cN=C(C)SC,0.0,0.0,0.0,1
cN=C(N)N,0.0,0.0,0.0,2
cN=C(N)N(c)c,0.0,0.0,0.0,1
cN=C(N)N=C(N)N,0.0,0.0,0.0,1
cN=C(N)Nc,0.0,0.0,0.0,1
cN=C(Nc)Nc,0.0,0.0,0.0,1
cN=C(Nc)SC,0.0,0.0,0.0,2
cN=C1C=C(C(=O)N(c)C)C(=O)cc1,0.0,0.0,0.0,2
cN=C1C=C(C(=O)Nc)C(=O)cc1,0.0,0.0,0.0,1
cN=C=Nc,0.0,0.0,0.0,2
cN=C=O,0.0,0.0,0.0,2
cN=C=S,0.0,0.0,0.0,1
cN=CN(C)C,0.0,0.0,0.0,3
cN=COC,0.0,0.0,0.0,1
cN=N,0.0,0.0,0.0,1
cN=NC,0.0,0.0,0.0,1
cN=NC(=O)N(C)C,0.0,0.0,0.0,1
cN=NN(C)C,0.0,0.0,0.0,2
cN=NN(c)C,0.0,0.0,0.0,1
cN=Nc,0.0,0.0,0.0,1
cN=PNc,0.0,0.0,0.0,1
cN=S=O,0.0,0.0,0.0,1
cN=[N+,0.0,0.0,0.0,1
cNC,0.0,0.0,0.0,1
cNC#N,0.0,0.0,0.0,2
cNC(=O)C(=C)C,0.0,0.0,0.0,2
cNC(=O)C(=O)NC,0.0,0.0,0.0,1
cNC(=O)C(=O)O,0.0,0.0,0.0,2
cNC(=O)C(=O)OC,0.0,0.0,0.0,5
cNC(=O)C(Cl)=C(Cl)Cl,0.0,0.0,0.0,1
cNC(=O)C1=C(C)OCCS1,0.0,0.0,0.0,3
cNC(=O)C=C,0.0,0.0,0.0,1
cNC(=O)C=CC(=O)O,0.0,0.0,0.0,1
cNC(=O)N(C)C,0.0,0.0,0.0,1
cNC(=O)N(C)N=O,0.0,0.0,0.0,2
cNC(=O)N(C)OC,0.0,0.0,0.0,2
cNC(=O)N(c)N=O,0.0,0.0,0.0,5
cNC(=O)NC,0.0,0.0,0.0,1
cNC(=O)NC(N)=O,0.0,0.0,0.0,1
cNC(=O)NOC,0.0,0.0,0.0,4
cNC(=O)Nc,0.0,0.0,0.0,1
cNC(=O)OC,0.0,0.0,0.0,1
cNC(=O)Oc,0.0,0.0,0.0,2
cNC(=S)NC,0.0,0.0,0.0,1
cNC(=S)Nc,0.0,0.0,0.0,1
cNC(=S)OC,0.0,0.0,0.0,3
cNC(C)=O,0.0,0.0,0.0,2
cNC(C)=S,0.0,0.0,0.0,2
cNC(C)Nc,0.0,0.0,0.0,7
cNC(N)=O,0.0,0.0,0.0,2
cNC(OC)C(c)=O,0.0,0.0,0.0,1
cNC(c)=O,0.0,0.0,0.0,1
cNC1=C([n+,0.0,0.0,0.0,1
cNC1=CC(=O)C(=O)cc1,0.0,0.0,0.0,1
cNC1ccC(=O)O1,0.0,0.0,0.0,2
cNC=C(C(=O)OC)C(=O)OC,0.0,0.0,0.0,1
cNC=O,0.0,0.0,0.0,2
cNCN1C(=O)CCC1=O,0.0,0.0,0.0,1
cNN1C(=O)CSC1=S,0.0,0.0,0.0,6
cNN=C,0.0,0.0,0.0,1
cNN=C(C)C,0.0,0.0,0.0,1
cNN=C(C)C(=O)O,0.0,0.0,0.0,1
cNN=C(C)C(C)=CC,0.0,0.0,0.0,1
cNN=C(C)C=CC,0.0,0.0,0.0,22
cNN=C(c)C(c)=O,0.0,0.0,0.0,2
cNN=C(c)c,0.0,0.0,0.0,6
cNN=CC,0.0,0.0,0.0,1
cNN=CC(C)=CC,0.0,0.0,0.0,3
cNN=CC=CC,0.0,0.0,0.0,1
cNN=NC,0.0,0.0,0.0,1
cNN=c,0.0,0.0,0.0,1
cNNC(=O)NC,0.0,0.0,0.0,1
cNNC(=O)Nc,0.0,0.0,0.0,1
cNNC(=O)OC,0.0,0.0,0.0,2
cNNC(=S)NC,0.0,0.0,0.0,1
cNNC(C)=O,0.0,0.0,0.0,1
cNNC=O,0.0,0.0,0.0,2
cNNS(c)(=O)=O,0.0,0.0,0.0,1
cNO,0.0,0.0,0.0,2
cNP(=O)(Nc)Nc,0.0,0.0,0.0,1
cNP(=O)(OC)OC,0.0,0.0,0.0,1
cNP(OC)OC,0.0,0.0,0.0,1
cNS(C)(=O)=O,0.0,0.0,0.0,1
cNS(c)(=O)=O,0.0,0.0,0.0,1
cN[N+,0.0,0.0,0.0,2
cN[P+,0.0,0.0,0.0,6
cNn(c)c,0.0,0.0,0.0,1
cOC,0.0,0.0,0.0,1
cOC(=O)C(=C)C,0.0,0.0,0.0,2
cOC(=O)C(Cl)=C(Cl)Cl,0.0,0.0,0.0,2
cOC(=O)Cl,0.0,0.0,0.0,1
cOC(=O)N(C)C,0.0,0.0,0.0,1
cOC(=O)N(C)N=O,0.0,0.0,0.0,8
cOC(=O)NC,0.0,0.0,0.0,1
cOC(=O)OC,0.0,0.0,0.0,2
cOC(=S)Cl,0.0,0.0,0.0,1
cOC(=S)N(C)C,0.0,0.0,0.0,1
cOC(C)(C)Oc,0.0,0.0,0.0,4
cOC(C)=O,0.0,0.0,0.0,1
cOC(C)N(C)C,0.0,0.0,0.0,2
cOC(C)OC,0.0,0.0,0.0,1
cOC(OC)OC,0.0,0.0,0.0,1
cOC(Oc)OC,0.0,0.0,0.0,9
cOC(c)=O,0.0,0.0,0.0,2
cOC1CC=CO1,0.0,0.0,0.0,1
cOC=C,0.0,0.0,0.0,6
cOCN(C)C,0.0,0.0,0.0,1
cOCN(c)C,0.0,0.0,0.0,1
cOCOC,0.0,0.0,0.0,1
cOCOc,0.0,0.0,0.0,5
cOP(=O)(Cl)Cl,0.0,0.0,0.0,1
cOP(=O)(Cl)Oc,0.0,0.0,0.0,1
cOP(=O)(N=[N+,0.0,0.0,0.0,1
cOP(=O)(NC)OC,0.0,0.0,0.0,2
cOP(=O)(NC)Oc,0.0,0.0,0.0,1
cOP(=O)(OC)OC,0.0,0.0,0.0,1
cOP(=O)(Oc)OC,0.0,0.0,0.0,1
cOP(=O)(Oc)Oc,0.0,0.0,0.0,3
cOP(=S)(Cl)Cl,0.0,0.0,0.0,1
cOP(=S)(Cl)OC,0.0,0.0,0.0,1
cOP(=S)(NC)NC,0.0,0.0,0.0,1
cOP(=S)(NC)OC,0.0,0.0,0.0,1
cOP(=S)(OC)N(C)C,0.0,0.0,0.0,1
cOP(=S)(OC)OC,0.0,0.0,0.0,5
cOP(=S)(Oc)Oc,0.0,0.0,0.0,2
cOP(C)(=O)OC,0.0,0.0,0.0,1
cOP(C)(=O)Oc,0.0,0.0,0.0,1
cOP(N)(=S)OC,0.0,0.0,0.0,1
cOP(Oc)OC,0.0,0.0,0.0,1
cOP(Oc)Oc,0.0,0.0,0.0,2
cOP(c)(=O)Oc,0.0,0.0,0.0,2
cOP(c)(=S)OC,0.0,0.0,0.0,2
cOP(c)Oc,0.0,0.0,0.0,1
cOP(c)c,0.0,0.0,0.0,38
cOS(=O)(=O)C=C,0.0,0.0,0.0,1
cOS(c)(=O)=O,0.0,0.0,0.0,1
cO[P+,0.0,0.0,0.0,1
cO[Si,0.0,0.0,0.0,1
cOc,0.0,0.0,0.0,2
cP,0.0,0.0,0.0,1
cP(=O)(Cl)Cl,0.0,0.0,0.0,1
cP(=O)(N(C)C)N(C)C,0.0,0.0,0.0,1
cP(=O)(NC)NC,0.0,0.0,0.0,1
cP(=S)(Cl)Cl,0.0,0.0,0.0,1
cP(Br)Br,0.0,0.0,0.0,2
cP(C)(C)=S,0.0,0.0,0.0,1
cP(C)C,0.0,0.0,0.0,1
cP(OC)OC,0.0,0.0,0.0,1
cP(c)(=O)Cl,0.0,0.0,0.0,3
cP(c)(=O)O,0.0,0.0,0.0,1
cP(c)(=O)OC,0.0,0.0,0.0,1
cP(c)(C)=O,0.0,0.0,0.0,1
cP(c)(c)=O,0.0,0.0,0.0,1
cP(c)(c)=[Se,0.0,0.0,0.0,2
cP(c)C,0.0,0.0,0.0,8
cP(c)c,0.0,0.0,0.0,2
cS(=O)(=O)C=C,0.0,0.0,0.0,1
cS(=O)(=O)CS(c)(=O)=O,0.0,0.0,0.0,10
cS(=O)(=O)F,0.0,0.0,0.0,1
cS(=O)(=O)N(C)C,0.0,0.0,0.0,1
cS(=O)(=O)N(C)C(=O)OC,0.0,0.0,0.0,2
cS(=O)(=O)N(C)C(C)=O,0.0,0.0,0.0,1
cS(=O)(=O)N(C)N=O,0.0,0.0,0.0,1
cS(=O)(=O)N(Cl)Cl,0.0,0.0,0.0,1
cS(=O)(=O)N1C(=O)ccS1(=O)=O,0.0,0.0,0.0,4
cS(=O)(=O)N=C=O,0.0,0.0,0.0,1
cS(=O)(=O)N=S(C)C,0.0,0.0,0.0,1
cS(=O)(=O)NC,0.0,0.0,0.0,1
cS(=O)(=O)NC(=O)N(C)N=O,0.0,0.0,0.0,1
cS(=O)(=O)NC(=O)NC,0.0,0.0,0.0,1
cS(=O)(=O)NNS(c)(=O)=O,0.0,0.0,0.0,1
cS(=O)(=O)NS(c)(=O)=O,0.0,0.0,0.0,1
cS(=O)(=O)O,0.0,0.0,0.0,2
cS(=O)(=O)OC,0.0,0.0,0.0,1
cS(=O)(=O)n(c)c,0.0,0.0,0.0,2
cS(=O)(=O)n(c)nc,0.0,0.0,0.0,2
cS(=O)(O)=NO,0.0,0.0,0.0,1
cS(C)(=O)=O,0.0,0.0,0.0,1
cS(C)=O,0.0,0.0,0.0,1
cS(c)(=O)=O,0.0,0.0,0.0,2
cSC,0.0,0.0,0.0,1
cSC(=O)C(=O)Sc,0.0,0.0,0.0,2
cSCSC,0.0,0.0,0.0,12
cSCSC#N,0.0,0.0,0.0,1
cSN(C)C,0.0,0.0,0.0,1
cSNC,0.0,0.0,0.0,1
cSS(c)(=O)=O,0.0,0.0,0.0,1
cSSC,0.0,0.0,0.0,2
cSSc,0.0,0.0,0.0,8
cS[Si,0.0,0.0,0.0,1
c[As,0.0,0.0,0.0,1
c[Ge,0.0,0.0,0.0,1
c[Hg,0.0,0.0,0.0,7
c[N+,0.0,0.0,0.0,6
c[N+](=O)[O-],0.0,0.0,0.0,1
c[NH3+,0.0,0.0,0.0,2
c[P+,0.0,0.0,0.0,1
c[Pb,0.0,0.0,0.0,1
c[Si,0.0,0.0,0.0,1
c[Sn,0.0,0.0,0.0,1
c[n+,0.0,0.0,0.0,1
c[nH,0.0,0.0,0.0,1
c[nH+,0.0,0.0,0.0,6
c[se,0.0,0.0,0.0,1
cn(C(C)=O)n(c)C(C)=O,0.0,0.0,0.0,1
cn(c)C,0.0,0.0,0.0,2
cn(c)C(C)=O,0.0,0.0,0.0,1
cn(c)Cl,0.0,0.0,0.0,1
cn(c)N,0.0,0.0,0.0,2
cn(c)N=O,0.0,0.0,0.0,2
cn(c)NC,0.0,0.0,0.0,2
cn(c)NC(C)=O,0.0,0.0,0.0,1
cn(c)O,0.0,0.0,0.0,1
cn(c)S(C)(=O)=O,0.0,0.0,0.0,3
cn(c)[O-,0.0,0.0,0.0,1
cn(c)[Si,0.0,0.0,0.0,1
cn(c)c,0.0,0.0,0.0,1
cn1cnnn1,0.0,0.0,0.0,1
cn[nH,0.0,0.0,0.0,1
cnc,0.0,0.0,0.0,1
cnn(c)C,0.0,0.0,0.0,1
cnn(c)C(C)=O,0.0,0.0,0.0,1
cnn(c)c,0.0,0.0,0.0,1
cnn[nH,0.0,0.0,0.0,1
cnnn(c)C,0.0,0.0,0.0,11
cnoc,0.0,0.0,0.0,2
cnsc,0.0,0.0,0.0,6
coc,0.0,0.0,0.0,1
csc,0.0,0.0,0.0,1
CC(=O)NCNC(C)=O,0.08,0.5,0.043478260869565216,90
cN(COC)COC,0.125,0.25,0.08333333333333333,48
C#CC=CC,0.16666666666666669,0.5,0.1,42
O=C1NC(=O)C(=O)N1,0.18181818181818182,1.0,0.1,39
cC(=O)NNC(=O)OC,0.19354838709677416,0.42857142857142855,0.125,94
c[te,0.19354838709677416,0.375,0.13043478260869565,94
CO[P+,0.19999999999999998,0.375,0.13636363636363635,88
CC#CC(OC)OC,0.2,0.3333333333333333,0.14285714285714285,56
c1cnon1,0.2,0.16666666666666666,0.25,16
ClP1(Cl)=NP(Cl)(Cl)=NP(Cl)(Cl)=N1,0.22222222222222224,0.5,0.14285714285714285,26
cOP(=S)(N(C)C)N(C)C,0.25,0.5,0.16666666666666666,25
C#CC(C)=O,0.25925925925925924,0.4375,0.18421052631578946,154
cC(=CCl)OP(=O)(OC)OC,0.27272727272727276,0.6923076923076923,0.16981132075471697,214
CO[N+,0.2857142857142857,1.0,0.16666666666666666,25
cC=NOC,0.3137254901960784,0.5714285714285714,0.21621621621621623,146
c1cOCO1,0.3157894736842105,0.5,0.23076923076923078,50
CC(=O)Br,0.32432432432432434,0.6428571428571429,0.21686746987951808,333
CO[Si,0.3333333333333333,0.5,0.25,16
O=C1CCS1,0.3333333333333333,0.5,0.25,16
CN=C(N)N=C(N)N,0.339622641509434,0.75,0.21951219512195122,164
[Br-,0.34782608695652173,0.6153846153846154,0.24242424242424243,266
N#[N+,0.3492063492063492,0.5238095238095238,0.2619047619047619,167
CN(C)S(=O)(=O)N(C)C,0.4,1.0,0.25,18
[C-,0.4,1.0,0.25,14
cC1=NCCN1,0.4,1.0,0.25,14
C=C[Si,0.42105263157894735,0.6666666666666666,0.3076923076923077,51
NN,0.4444444444444445,1.0,0.2857142857142857,29
cC1=C(c)C(c)=C(c)C1=O,0.4615384615384615,1.0,0.3,40
cC(c)=NOC,0.46153846153846156,0.6666666666666666,0.35294117647058826,66
cC=C(Cl)C(C)=O,0.46153846153846156,0.6666666666666666,0.35294117647058826,70
Br,0.5,0.5,0.5,6
C=CS(C)(=O)=O,0.5,0.6296296296296297,0.4146341463414634,163
CC(=O)NN=C(C)C,0.5,1.0,0.3333333333333333,13
CC(F)=C(F)F,0.5,1.0,0.3333333333333333,10
CC1(C)OccO1,0.5,1.0,0.3333333333333333,10
CC=CC(=O)OC,0.5,0.5,0.5,8
CC=CC(C)=CC,0.5,1.0,0.3333333333333333,23
COB(C)OC,0.5,1.0,0.3333333333333333,38
NC1=C(Cl)C(=O)ccC1=O,0.5,1.0,0.3333333333333333,10
c=S,0.5,1.0,0.3333333333333333,11
cC(c)=O,0.5,1.0,0.3333333333333333,25
cC=C(C(C)=O)N(C)C,0.5,0.5,0.5,6
cOC(=O)Oc,0.5,1.0,0.3333333333333333,10
cOC=O,0.5,0.6,0.42857142857142855,28
cOP(Cl)Cl,0.5,1.0,0.3333333333333333,14
cP(=O)(OC)OC,0.5,1.0,0.3333333333333333,12
cS(=O)(=O)Cl,0.5,0.5,0.5,7
cNC(=S)N(C)C,0.5054945054945055,0.7931034482758621,0.3709677419354839,248
cC(=O)OC(C)=O,0.5086206896551724,0.6555555555555556,0.4154929577464789,568
O=C1ccN(Cl)C1=O,0.5333333333333333,0.5,0.5714285714285714,30
cN(C)N=O,0.5454545454545454,0.6,0.5,25
cS,0.5454545454545454,1.0,0.375,34
O=C1C=CC(=O)C=C1,0.5714285714285714,0.75,0.46153846153846156,158
c-n(c)nc,0.5714285714285714,0.8,0.4444444444444444,34
cS(c)=O,0.5714285714285714,0.8,0.4444444444444444,34
C1=NccNN1,0.5714285714285715,0.5,0.6666666666666666,12
cS(=O)C=C,0.5714285714285715,0.6666666666666666,0.5,17
cNC(=O)C(=O)Nc,0.5747126436781609,0.7575757575757576,0.46296296296296297,217
C=C(C)C(=O)Cl,0.5777777777777778,0.6190476190476191,0.5416666666666666,96
cN=c,0.5882352941176471,0.625,0.5555555555555556,35
cSC(C)=C(C)Cl,0.5964912280701755,0.8095238095238095,0.4722222222222222,144
C1OC1C1CO1,0.6,0.6,0.6,21
C=C(C)C#CC,0.6,0.75,0.5,22
cP1(=O)C=C(C)CC1,0.6086956521739131,0.7777777777777778,0.5,54
COC(C)=O,0.6177215189873418,0.7577639751552795,0.5213675213675214,937
cN=CNc,0.6262135922330098,0.7166666666666667,0.5560344827586207,927
CC=C(C)C(C)=O,0.6266666666666666,0.7704918032786885,0.5280898876404494,358
CC(=O)C=CC=C(C)C,0.6428571428571428,0.72,0.5806451612903226,124
C=CC(OC)OC,0.6470588235294117,0.7857142857142857,0.55,78
CC1NccS(=O)(=O)N1,0.6666666666666665,0.6,0.75,16
cC=C1SC(=S)N(c)C1=O,0.6666666666666665,0.75,0.6,20
BrB(Br)Br,0.6666666666666666,0.5,1.0,3
C=C(C)C=CC,0.6666666666666666,1.0,0.5,6
C=CC=CC,0.6666666666666666,0.7142857142857143,0.625,34
CC(=O)NC(C)=O,0.6666666666666666,1.0,0.5,10
CC1=CC(=O)C=CC1,0.6666666666666666,1.0,0.5,6
CC=C(Br)Br,0.6666666666666666,1.0,0.5,7
CN(C)P(=O)(Cl)N(C)C,0.6666666666666666,1.0,0.5,6
COC(=O)C#N,0.6666666666666666,1.0,0.5,8
COC(=O)C(=O)OC,0.6666666666666666,1.0,0.5,18
COC(=O)NCO,0.6666666666666666,1.0,0.5,8
COP(=O)([O-,0.6666666666666666,1.0,0.5,6
CS(C)=O,0.6666666666666666,0.6666666666666666,0.6666666666666666,10
CSC(=N)N,0.6666666666666666,0.5,1.0,5
C[NH2+,0.6666666666666666,1.0,0.5,8
cC#C[Si,0.6666666666666666,1.0,0.5,9
cC(=O)I,0.6666666666666666,1.0,0.5,10
cC(C)=N,0.6666666666666666,1.0,0.5,14
cC(OC(C)=O)OC(C)=O,0.6666666666666666,0.5,1.0,8
cC=CC(=O)OC,0.6666666666666666,1.0,0.5,8
cN(S(C)(=O)=O)S(C)(=O)=O,0.6666666666666666,1.0,0.5,7
cN1C(=O)ccC1=O,0.6666666666666666,0.7619047619047619,0.5925925925925926,108
cNN,0.6666666666666666,1.0,0.5,9
cOP(=S)(OC)SC,0.6666666666666666,0.5,1.0,6
cS(N)(=O)=O,0.6666666666666666,1.0,0.5,9
cSC1=CC(=O)C(OC)=CC1=O,0.6666666666666666,1.0,0.5,8
cSCSc,0.6666666666666666,0.6666666666666666,0.6666666666666666,13
C=CC1CO1,0.6826347305389221,0.8636363636363636,0.5643564356435643,402
O=C1CCC(=O)N1O,0.6981132075471699,0.8043478260869565,0.6166666666666667,241
cN(C)C(=O)NC,0.7111111111111111,0.8,0.64,199
CC(C(=O)O)=C(C)C(=O)O,0.7133757961783439,0.7567567567567568,0.6746987951807228,331
cN=O,0.7258064516129034,0.8333333333333334,0.6428571428571429,279
C=CN1C(=O)ccC1=O,0.7333333333333334,0.8461538461538461,0.6470588235294118,136
cP(Cl)Cl,0.7337278106508875,0.8266666666666667,0.6595744680851063,375
cN=C(C)N(c)C,0.735042735042735,0.86,0.6417910447761194,269
cN(S(c)(=O)=O)S(c)(=O)=O,0.7407407407407408,0.8333333333333334,0.6666666666666666,59
cSP(C)(=S)OC,0.7499999999999999,1.0,0.6,19
N#CN=C1NC(=O)CC(=O)N1,0.75,0.8571428571428571,0.6666666666666666,35
cC(=O)C(O)O,0.7547169811320754,0.851063829787234,0.6779661016949152,235
COC(=O)C=C(C(=O)OC)N(C)N(C)C(C)=O,0.7591836734693878,0.808695652173913,0.7153846153846154,522
cN(C)C(=O)N(c)C,0.761904761904762,0.8,0.7272727272727273,42
CNS(N)(=O)=O,0.7647058823529411,0.8125,0.7222222222222222,70
CSC(C)=O,0.7659574468085107,0.8181818181818182,0.72,198
C1=CCCC=C1,0.7692307692307692,0.7142857142857143,0.8333333333333334,24
cC=Cc,0.7692307692307692,0.8333333333333334,0.7142857142857143,28
cNNc,0.7714285714285715,0.8852459016393442,0.6835443037974683,318
[N,0.7777777777777777,0.875,0.7,39
C[NH3+,0.7868852459016394,0.8571428571428571,0.7272727272727273,134
CP(C)(C)=O,0.7918088737201365,0.8721804511278195,0.725,638
cSc,0.7999999999999999,0.8571428571428571,0.75,30
C#C,0.8,1.0,0.6666666666666666,11
CC(=CC(=O)O)C(=O)O,0.8,1.0,0.6666666666666666,11
COCOC,0.8,1.0,0.6666666666666666,37
CON=C(C)C(C)=O,0.8,0.6666666666666666,1.0,10
COP(=O)(O)O,0.8,1.0,0.6666666666666666,25
O=C1CCNC(=O)N1,0.8,1.0,0.6666666666666666,13
O=S=O,0.8,1.0,0.6666666666666666,13
cN1C(=O)COC1=O,0.8,1.0,0.6666666666666666,12
cN=NNc,0.8,0.6666666666666666,1.0,9
cNP(=O)(Nc)OC,0.8,1.0,0.6666666666666666,11
cO,0.8,1.0,0.6666666666666666,11
cn(c)C(=O)OC,0.8,1.0,0.6666666666666666,12
CSC(SC)SC,0.8085106382978724,0.8952879581151832,0.7370689655172413,927
CSC#N,0.8192771084337349,0.8395061728395061,0.8,342
COC(C)N1C(=O)ccC1=O,0.819672131147541,0.8928571428571429,0.7575757575757576,396
cC=CC=O,0.8222222222222222,0.8705882352941177,0.7789473684210526,378
COC(=O)N=C=S,0.8297872340425533,0.8571428571428571,0.8041237113402062,774
S=C=S,0.8333333333333333,1.0,0.7142857142857143,56
cN,0.8516129032258065,0.868421052631579,0.8354430379746836,633
cC(=O)NN,0.8571428571428571,1.0,0.75,33
cC=C(c)C(c)=Cc,0.8712522045855379,0.8884892086330936,0.8546712802768166,1155
O=C(Cl)C=CC(=O)Cl,0.8750000000000001,1.0,0.7777777777777778,36
cN1CCC(=O)N1,0.8780487804878048,0.9,0.8571428571428571,83
CN1C(=O)CNC1=O,0.8799999999999999,0.9166666666666666,0.8461538461538461,52
C=C,0.8823529411764706,0.8823529411764706,0.8823529411764706,69
F[Al,0.888888888888889,1.0,0.8,39
CN1C(=O)CC(=O)N(C)C1=O,0.8936170212765957,0.9130434782608695,0.875,95
c[Se,0.8979591836734694,0.88,0.9166666666666666,96
C=C1CC1,0.9,0.9,0.9,40
C=C(C)Cl,1.0,1.0,1.0,4
C=C=CC,1.0,1.0,1.0,5
C=CP(=O)(OC)OC,1.0,1.0,1.0,5
CC(=O)C(Cl)=C(C)C,1.0,1.0,1.0,4
CC(Cl)=CCl,1.0,1.0,1.0,2
CC1N=NC(=S)N1C,1.0,1.0,1.0,8
CN(C)C(=S)S[Pb,1.0,1.0,1.0,4
CN(C)[Si,1.0,1.0,1.0,3
CNC(=O)NC(C)=O,1.0,1.0,1.0,4
CNC(=O)NS(C)(=O)=O,1.0,1.0,1.0,2
COC(N)=O,1.0,1.0,1.0,2
COP(=O)(N=C1SCCS1)OC,1.0,1.0,1.0,14
COP(=S)(OC)SCN1C(=O)ccC1=O,1.0,1.0,1.0,5
COP(O)OC,1.0,1.0,1.0,7
NC(=O)C#CC(N)=O,1.0,1.0,1.0,9
NC(=O)N1CCNC1=O,1.0,1.0,1.0,2
O=C(O)C=CCl,1.0,1.0,1.0,4
O=C1CC(=O)NC(=O)N1,1.0,1.0,1.0,2
O=[Sn,1.0,1.0,1.0,5
S,1.0,1.0,1.0,3
c-n1ccnn1,1.0,1.0,1.0,3
cC(=O)Br,1.0,1.0,1.0,4
cC(=O)Cl,1.0,1.0,1.0,4
cC(=O)N(c)N,1.0,1.0,1.0,3
cC(C)=NNC(N)=S,1.0,1.0,1.0,5
cC=C,1.0,1.0,1.0,7
cN1C=CSC(=S)N1,1.0,1.0,1.0,5
cNNC(c)=O,1.0,1.0,1.0,2
cNc,1.0,1.0,1.0,9
cS(=O)(=O)NN=CC=NNS(c)(=O)=O,1.0,1.0,1.0,5
cnnc,1.0,1.0,1.0,2
